datasource	term	adj_p_value	odds_ratio	genes
GO_Biological_Process_2018	vasoconstriction (GO:0042310)	0.010998787833491078	113.63636363636363	EDN1;EDNRA;ADRA1D
KEGG_2019_Human	cGMP-PKG signaling pathway	0.049244321098998574	10.95290251916758	EDNRA;CREB1;ADCY2;ADRA1D
Panther_2016	Enkephalin release Homo sapiens P05913	0.035276026575712445	53.475935828877	CREB1;ADCY2
WikiPathways_2019_Human	Thermogenesis WP4321	0.04362530096958079	16.835016835016834	CREB1;ACTL6B;RPS6KA2;ADCY2
