allele	num_cancer_samples	avg_smoke	avg_clock	sd_smoke	sd_clock
WT	675	0.2363189138947135	0.442969524002577	0.24510038276735088	0.3147488005192496
G12C	93	0.40772813509773537	0.3335520410919005	0.18594347892714744	0.23267448116169034
G12V	48	0.4533211778403261	0.2784112025040162	0.21933352828375666	0.2529885171700492
G12D	26	0.24131567273950347	0.5060362137397262	0.2044770604908607	0.25467059683398535
G12A	19	0.4441837300343052	0.2571038959875284	0.20728110569291036	0.18621618451652341
G13C	10	0.4741870746746457	0.30230680079707517	0.12690839024793887	0.11828523568754482
G12S	6	0.3516645748275463	0.5316357352630451	0.07819021136843349	0.1346178027342197
G13D	4	0.38820331742967845	0.4460186966275792	0.10151745802867758	0.2242925891727835
Q61L	3	0.44997189818032846	0.24450253692902307	0.06981582449203687	0.11854911110229271
Q61H	2	0.3044484629294756	0.49620705244122965	0.09114389034896403	0.2669935469180055
A146P	1	0.3740053050397878	0.47745358090185674	NA	NA
Q61K	1	0.20416884904441465	0.32875197605112066	NA	NA
