term	step	estimate	lambda	dev.ratio
G12D	1	0.1293153988170827	0.07978947368421052	0.37653062575181645
*HMCN1*	1	-0.031117367162647895	0.07978947368421052	0.37653062575181645
*LRP1B*	1	0.05228147807560492	0.07978947368421052	0.37653062575181645
*ARID1A*	1	-0.011924771862829269	0.07978947368421052	0.37653062575181645
*SMAD4*	1	-0.08605871859399701	0.07978947368421052	0.37653062575181645
