gene_effect	rna_expression_std	kras_allele	is_mutated	ARID1A	BCLAF1	FAT3	GPR98	HMCN1	KMT2C	LRP1B	PEG3	RNF43	RYR1	other_gene_col	SYNE1	TP53
-0.270959384759	-0.11803006706315135	1	FALSE	0	0	0	0	0	0	0	0	1	0	0	0	1
-0.274475422942	1.1753975311912666	1	FALSE	0	0	0	1	0	0	1	0	0	0	0	0	1
-0.550266388279	0.5324052610345917	1	FALSE	0	0	1	0	1	1	0	0	0	1	0	0	1
-0.982021190959	1.1914215970641102	0	FALSE	0	0	0	0	1	0	0	0	0	0	1	1	1
-0.485903746602	0.09977870149716345	1	FALSE	0	0	0	0	0	0	0	0	0	0	0	0	0
-0.921056097388	0.17438388149704231	0	FALSE	0	1	0	0	1	0	0	0	0	0	1	0	1
-0.780732080803	0.3132914388936914	0	FALSE	0	0	0	0	1	0	1	1	0	0	1	0	1
-0.920232128638	0.05430124542060126	1	FALSE	0	0	0	0	1	0	0	1	0	0	0	0	1
-0.949829393903	0.5283308738576447	0	FALSE	0	0	0	0	0	0	0	0	0	0	1	0	1
-0.484487214109	0.7767127891130362	1	FALSE	0	0	0	0	1	0	0	1	0	0	0	0	0
-0.661881355799	0.16821049653179745	0	FALSE	0	0	0	0	0	0	1	0	0	0	1	0	1
-0.447806074644	0.34791867630066375	1	FALSE	0	0	0	1	0	1	1	0	0	1	0	1	1
-0.388011891624	1.3764214968850796	1	FALSE	1	0	0	0	0	0	1	0	0	0	0	0	1
-0.150125870894	-0.5611975131733576	1	FALSE	0	0	0	0	0	1	0	0	0	0	0	0	1
-0.819049995441	-1.9595854447021541	0	FALSE	0	0	0	0	0	1	0	0	1	0	1	0	1
