gene_effect	rna_expression_std	kras_allele	is_mutated	ARID1A	BCLAF1	FAT3	GPR98	HMCN1	KMT2C	LRP1B	PEG3	RNF43	RYR1	other_gene_col	SYNE1	TP53
-0.212755179356	-0.6844230663512224	1	FALSE	0	0	0	0	0	0	0	0	1	0	0	0	1
0.069546274783	-0.16876335163140183	1	FALSE	0	0	0	1	0	0	1	0	0	0	0	0	1
-0.120182754157	1.1711624137880123	1	FALSE	0	0	1	0	1	1	0	0	0	1	0	0	1
-0.531611642835	0.6313204644071675	0	FALSE	0	0	0	0	1	0	0	0	0	0	1	1	1
-0.0789307572346	0.22289484766565973	1	FALSE	0	0	0	0	0	0	0	0	0	0	0	0	0
-0.371198472836	0.4833282098685424	0	FALSE	0	1	0	0	1	0	0	0	0	0	1	0	1
-0.514284411142	-0.8891511582888957	0	FALSE	0	0	0	0	1	0	1	1	0	0	1	0	1
-0.069018653895	0.03988994441051513	1	FALSE	0	0	0	0	1	0	0	1	0	0	0	0	1
-0.202308398006	-0.8109522375121944	0	FALSE	0	0	0	0	0	0	0	0	0	0	1	0	1
-0.116551091569	1.2336069282998008	1	FALSE	0	0	0	0	1	0	0	1	0	0	0	0	0
-0.413301958713	0.9046621013421621	0	FALSE	0	0	0	0	0	0	1	0	0	0	1	0	1
0.0799163866661	-0.42973686099680214	1	FALSE	0	0	0	1	0	1	1	0	0	1	0	1	1
-0.0707061882258	-0.3869863854010072	1	FALSE	1	0	0	0	0	0	1	0	0	0	0	0	1
-0.0566863960108	-0.09370350189188034	1	FALSE	0	0	0	0	0	1	0	0	0	0	0	0	1
-0.407786318691	1.023964826103653	0	FALSE	0	0	0	0	0	1	0	0	1	0	1	0	1
