term	step	estimate	lambda	dev.ratio
G12D	1	0.027492166310552544	0.07978947368421052	0.16023975364795617
*SMAD4*	1	-0.040605236699335176	0.07978947368421052	0.16023975364795617
