term	step	estimate	lambda	dev.ratio
G12D	1	0.12729171411166348	0.02726315789473684	0.6560635575609997
*TRPM2*	1	-0.022112271485712404	0.02726315789473684	0.6560635575609997
*TP53*	1	-0.02463328624422154	0.02726315789473684	0.6560635575609997
*APC*	1	-0.0022853583257981913	0.02726315789473684	0.6560635575609997
