term	step	estimate	lambda	dev.ratio
G12D	1	0.15264598026731085	0.053526315789473686	0.5158008521573582
*ARID1A*	1	-0.04120697430326651	0.053526315789473686	0.5158008521573582
*SMAD4*	1	-0.04646176968427822	0.053526315789473686	0.5158008521573582
