gene_effect	rna_expression_std	kras_allele	is_mutated	ARID1A	BCLAF1	FAT3	GPR98	HMCN1	KMT2C	LRP1B	PEG3	RNF43	RYR1	other_gene_col	SYNE1	TP53
-0.25738526832	1.2258727053052665	1	FALSE	0	0	0	0	0	0	0	0	1	0	0	0	1
-0.27257639392	2.0185426650062386	1	FALSE	0	0	0	1	0	0	1	0	0	0	0	0	1
-0.295513755387	-0.9508149999909148	1	FALSE	0	0	1	0	1	1	0	0	0	1	0	0	1
-0.491508754945	1.0355805590344687	0	FALSE	0	0	0	0	1	0	0	0	0	0	1	1	1
-0.243742238116	0.9841295535239414	1	FALSE	0	0	0	0	0	0	0	0	0	0	0	0	0
-0.703515655701	-0.18811155412779737	0	FALSE	0	1	0	0	1	0	0	0	0	0	1	0	1
-0.390195371837	0.15179676927295116	0	FALSE	0	0	0	0	1	0	1	1	0	0	1	0	1
-0.250287667791	0.6106974702911885	1	FALSE	0	0	0	0	1	0	0	1	0	0	0	0	1
-0.846847785311	-1.142818471842177	0	FALSE	0	0	0	0	0	0	0	0	0	0	1	0	1
-0.145739926397	-0.19714675956223918	1	FALSE	0	0	0	0	1	0	0	1	0	0	0	0	0
-0.267616059932	0.9337032520318795	0	FALSE	0	0	0	0	0	0	1	0	0	0	1	0	1
-0.308243558998	-0.06513655874838196	1	FALSE	0	0	0	1	0	1	1	0	0	1	0	1	1
-0.0990024215563	0.4895941573737719	1	FALSE	1	0	0	0	0	0	1	0	0	0	0	0	1
-0.268255776678	-1.041251754345791	1	FALSE	0	0	0	0	0	1	0	0	0	0	0	0	1
-0.321452762659	-0.35792725508918133	0	FALSE	0	0	0	0	0	1	0	0	1	0	1	0	1
