kras_allele	n_tsb	allele_freq
A146P	1	2.06058108386565e-4
A146T	130	0.026787554090253452
A146V	27	0.0055635689264372555
A59E	3	6.18174325159695e-4
A59T	12	0.00247269730063878
G12A	92	0.018957345971563982
G12C	123	0.025345147331547496
G12D	587	0.12095610962291366
G12D & A59T	2	4.1211621677313e-4
G12F	1	2.06058108386565e-4
G12R	20	0.0041211621677313005
G12S	82	0.01689676488769833
G12V	410	0.08448382443849166
G13C	17	0.0035029878425716053
G13D	359	0.07397486091077683
G13dup	1	2.06058108386565e-4
G13R	2	4.1211621677313e-4
GV13CG	1	2.06058108386565e-4
K117N	28	0.00576962703482382
K117R	2	4.1211621677313e-4
Q61E	2	4.1211621677313e-4
Q61H	33	0.006799917576756645
Q61K	23	0.004739336492890996
Q61L	19	0.003915104059344735
Q61P	2	4.1211621677313e-4
Q61R	17	0.0035029878425716053
WT	2857	0.5887080156604162
