kras_allele	real_allele_freq	avg_probability	sd_probability	ymin	ymax
A146T	0.07282913165266107	0.19886507476542176	0.08495097343885982	0.11391410132656193	0.2838160482042816
G12A	0.051540616246498604	0.028605921020546633	0.012385466320960428	0.016220454699586204	0.04099138734150706
G12C	0.06890756302521009	0.10223280046959185	0.0484956697986116	0.05373713067098025	0.15072847026820346
G12D	0.3299719887955182	0.13321297786536182	0.03764111349383999	0.09557186437152183	0.17085409135920182
G12S	0.04593837535014006	0.17779551697375284	0.06818501055953369	0.10961050641421916	0.24598052753328653
G12V	0.22969187675070027	0.08420148512482031	0.03972636495554741	0.0444751201692729	0.12392785008036772
G13D	0.20112044817927174	0.27508622378050474	0.12294208924459937	0.15214413453590536	0.3980283130251041
