kras_allele	avg_probability	sd_probability	real_allele_freq	ymin	ymax
A146T	0.10011435841447251	0.04166180742733902	0.06602336211274759	0.05845255098713349	0.14177616584181152
A146V	0.12396600375942685	0.04582577689862062	0.013712544438801422	0.07814022686080623	0.16979178065804745
G12A	0.014897260170682687	0.0069846583005947005	0.046724225495175215	0.007912601870087986	0.02188191847127739
G12C	0.058697203669544395	0.03351928672746614	0.062468257998984256	0.025177916942078257	0.09221649039701053
G12D	0.06666292122162519	0.016415181848116973	0.29913661757237175	0.05024773937350822	0.08307810306974217
G12R	0.0104958498147909	0.00855717160970095	0.01015744032503809	0.0019386782050899495	0.019053021424491848
G12S	0.09048306334058791	0.03291705370126099	0.04164550533265617	0.05756600963932692	0.12340011704184889
G12V	0.04386223618459644	0.02014515177446467	0.20822752666328084	0.02371708441013177	0.06400738795906111
G13C	0.058697203669544395	0.03351928672746614	0.008633824276282377	0.025177916942078257	0.09221649039701053
G13D	0.1387681690623151	0.061329301775315245	0.18232605383443373	0.07743886728699985	0.20009747083763035
K117N	0.08464860823667437	0.04623166990361863	0.014220416455053326	0.03841693833305575	0.13088027814029302
Q61H	0.08041165152669162	0.08036507749924296	0.01675977653631285	4.6574027448662014e-5	0.1607767290259346
Q61K	0.07238092918771613	0.03816066120372681	0.011681056373793804	0.03422026798398932	0.11054159039144294
Q61L	0.010374783364559995	0.008837845901066614	0.009649568308786187	0.0015369374634933812	0.01921262926562661
Q61R	0.04553975837677149	0.012929763062196186	0.008633824276282377	0.0326099953145753	0.05846952143896768
