kras_allele	avg_probability	sd_probability	real_allele_freq	ymin	ymax
A146T	0.19497028553575693	0.08113535978940833	0.07282913165266107	0.1138349257463486	0.27610564532516524
G12A	0.02901205296800449	0.013602452683148613	0.051540616246498604	0.015409600284855876	0.0426145056511531
G12C	0.11431138091324149	0.06527799815839647	0.06890756302521009	0.04903338275484502	0.17958937907163797
G12D	0.12982442270088052	0.03196816862970657	0.3299719887955182	0.09785625407117395	0.1617925913305871
G12S	0.1762135719097227	0.06410516394222766	0.04593837535014006	0.11210840796749504	0.24031873585195035
G12V	0.0854206414402924	0.039232194620554536	0.22969187675070027	0.04618844681973787	0.12465283606084694
G13D	0.2702476445321014	0.11943732815365332	0.20112044817927174	0.1508103163784481	0.38968497268575475
