kras_allele	real_allele_freq	avg_probability	sd_probability	ymin	ymax
A146T	0.06602336211274759	0.10291679000416488	0.043963886088944956	0.05895290391521993	0.14688067609310984
A146V	0.013712544438801422	0.1258317523371239	0.046761588847419475	0.07907016348970443	0.1725933411845434
G12A	0.046724225495175215	0.014804155883178868	0.006409735032466235	0.008394420850712632	0.021213890915645104
G12C	0.062468257998984256	0.0529075890770546	0.02509751232418443	0.027810076752870165	0.07800510140123904
G12D	0.29913661757237175	0.06894047174935489	0.019480054894194288	0.0494604168551606	0.08842052664354917
G12R	0.01015744032503809	0.01021899302969664	0.007546898286320281	0.0026720947433763595	0.01776589131601692
G12S	0.04164550533265617	0.09201285799255535	0.035287153470587494	0.05672570452196785	0.12730001146314285
G12V	0.20822752666328084	0.043576010382174596	0.02055921566208462	0.023016794720089977	0.06413522604425921
G13C	0.008633824276282377	0.0529075890770546	0.02509751232418443	0.027810076752870165	0.07800510140123904
G13D	0.18232605383443373	0.14236281136470108	0.06362507441985371	0.07873773694484737	0.2059878857845548
K117N	0.014220416455053326	0.09582222470232067	0.059448774211233846	0.036373450491086826	0.1552709989135545
Q61H	0.01675977653631285	0.06880932752823571	0.057270888361220365	0.011538439167015344	0.12608021588945606
Q61K	0.011681056373793804	0.06968973998810479	0.03625649830278753	0.033433241685317264	0.10594623829089232
Q61L	0.009649568308786187	0.009858243862147594	0.008027500250610307	0.001830743611537287	0.017885744112757902
Q61R	0.008633824276282377	0.049341443022131844	0.020011751896521685	0.02932969112561016	0.06935319491865352
