kras_allele	avg_probability	sd_probability	real_allele_freq	ymin	ymax
G12A	0.04694967296714231	0.011353076842782445	0.09079975947083585	0.035596596124359864	0.05830274980992475
G12C	0.2168280510324744	0.09925318272941618	0.43415514131088395	0.11757486830305823	0.31608123376189057
G12D	0.0865466897293831	0.029022536802639217	0.15694527961515334	0.057524152926743885	0.11556922653202233
G12V	0.15537550914255335	0.056777013884024154	0.21407095610342755	0.0985984952585292	0.2121525230265775
G13C	0.2168280510324744	0.09925318272941618	0.04028863499699339	0.11757486830305823	0.31608123376189057
G13D	0.11771929567244538	0.06428863801622584	0.02705953096812989	0.05343065765621954	0.18200793368867121
Q61H	0.15975273042352697	0.10763254488599994	0.03668069753457607	0.052120185537527036	0.26738527530952694
