kras_allele	real_allele_freq	avg_probability	sd_probability	ymin	ymax
A146T	0.002287021154945683	0.061282048918384915	0.02428556151060127	0.03699648740778365	0.08556761042898618
A146V	5.717552887364208e-4	0.07070587969416023	0.03331441103051461	0.03739146866364562	0.10402029072467484
G12A	0.08633504859919955	0.02309568811036913	0.00694801526799489	0.01614767284237424	0.03004370337836402
G12C	0.4128073184676958	0.09776610006386832	0.04581938830568038	0.05194671175818794	0.1435854883695487
G12D	0.14922813036020582	0.04475367279450678	0.01657019347848835	0.02818347931601843	0.06132386627299513
G12R	0.010863350485991996	0.03264151549580686	0.009930522719588638	0.02271099277621822	0.04257203821539549
G12S	0.018296169239565466	0.10306353819817755	0.03608882797106314	0.06697471022711442	0.1391523661692407
G12V	0.2035448827901658	0.07249814188031153	0.02905607660031407	0.043442065279997465	0.1015542184806256
G13C	0.038307604345340196	0.09776610006386832	0.04581938830568038	0.05194671175818794	0.1435854883695487
G13D	0.025728987993138937	0.060424663735062355	0.03329412041869372	0.027130543316368633	0.09371878415375608
K117N	5.717552887364208e-4	0.05074325928945332	0.019862322806277834	0.030880936483175487	0.07060558209573116
Q61H	0.03487707261292167	0.07545432180236496	0.04698460730995682	0.028469714492408135	0.12243892911232178
Q61K	0.0017152658662092624	0.15258949006951775	0.08517386814823964	0.0674156219212781	0.2377633582177574
Q61L	0.013150371640937679	0.0261177809472277	0.009466175006445417	0.016651605940782282	0.03558395595367311
Q61R	0.0017152658662092624	0.031097798936920242	0.015878937131296986	0.015218861805623256	0.04697673606821723
