kras_allele	avg_probability	sd_probability	real_allele_freq	ymin	ymax
A146T	0.059835638548611673	0.022651505936127494	0.002287021154945683	0.03718413261248418	0.08248714448473916
A146V	0.0656009541608278	0.030864158731400654	5.717552887364208e-4	0.03473679542942715	0.09646511289222845
G12A	0.02393164411406268	0.005787000791064579	0.08633504859919955	0.018144643322998102	0.02971864490512726
G12C	0.11052370385809829	0.05059229801090982	0.4128073184676958	0.059931405847188465	0.1611160018690081
G12D	0.044115420767751275	0.014793649841483104	0.14922813036020582	0.02932177092626817	0.05890907060923438
G12R	0.03289548025676012	0.00902482326651705	0.010863350485991996	0.02387065699024307	0.041920303523277164
G12S	0.09142191225365291	0.02423128044469853	0.018296169239565466	0.06719063180895438	0.11565319269835145
G12V	0.07919951628722084	0.028940931943926298	0.2035448827901658	0.05025858434329454	0.10814044823114714
G13C	0.11052370385809829	0.05059229801090982	0.038307604345340196	0.059931405847188465	0.1611160018690081
G13D	0.06000502477115673	0.03276983008292429	0.025728987993138937	0.02723519468823244	0.09277485485408102
K117N	0.05225033006945951	0.018730369011299795	5.717552887364208e-4	0.033519961058159714	0.07098069908075931
Q61H	0.08143071610788997	0.05486350801858228	0.03487707261292167	0.026567208089307695	0.13629422412647224
Q61K	0.12808058827662644	0.05999893064980256	0.0017152658662092624	0.06808165762682389	0.188079518926429
Q61L	0.028033273229942965	0.008501196852788318	0.013150371640937679	0.019532076377154647	0.03653447008273128
Q61R	0.032152093439840504	0.014633570490274084	0.0017152658662092624	0.01751852294956642	0.04678566393011459
