kras_allele	real_allele_freq	avg_probability	sd_probability	ymin	ymax
G12A	0.09079975947083585	0.04895657181478652	0.014727901018247192	0.03422867079653933	0.06368447283303372
G12C	0.43415514131088395	0.2072375187938004	0.0971246305101225	0.11011288828367789	0.3043621493039229
G12D	0.15694527961515334	0.09486560372955744	0.035124299528894044	0.05974130420066339	0.12998990325845147
G12V	0.21407095610342755	0.15367632574708023	0.06159097290981208	0.09208535283726815	0.21526729865689231
G13C	0.04028863499699339	0.2072375187938004	0.0971246305101225	0.11011288828367789	0.3043621493039229
G13D	0.02705953096812989	0.12808383865392559	0.07057447214816404	0.05750936650576155	0.19865831080208962
Q61H	0.03668069753457607	0.15994262246704946	0.09959457760978058	0.060348044857268884	0.25953720007683
