kras_allele	real_allele_freq	avg_probability	sd_probability	ymin	ymax
A146T	0.021897810218978103	0.08347214241256198	0.018285493887791375	0.0651866485247706	0.10175763630035337
A146V	0.029197080291970802	0.09356715663110467	0.02613339185905811	0.06743376477204656	0.11970054849016278
G12A	0.06204379562043796	0.02591628018128518	0.008521892534706364	0.017394387646578816	0.03443817271599155
G12C	0.029197080291970802	0.04462396910489458	0.01747279008128873	0.027151179023605847	0.062096759186183306
G12D	0.11678832116788321	0.05672214625656898	0.013923288917504929	0.04279885733906405	0.07064543517407391
G12R	0.051094890510948905	0.026502941279393778	0.010348146033411831	0.016154795245981946	0.036851087312805605
G12S	0.032846715328467155	0.11875599470803494	0.04618863222977432	0.07256736247826062	0.16494462693780926
G12V	0.08029197080291971	0.040969376262912846	0.012598227568054881	0.028371148694857965	0.05356760383096773
G13C	0.0072992700729927005	0.04462396910489458	0.01747279008128873	0.027151179023605847	0.062096759186183306
G13D	0.12408759124087591	0.08076925750478166	0.02725495367158431	0.053514303833197344	0.10802421117636597
K117N	0.025547445255474453	0.08016036756386712	0.02900319280920548	0.05115717475466164	0.1091635603730726
Q61H	0.31386861313868614	0.10811760174539078	0.04835669869617323	0.05976090304921756	0.15647430044156402
Q61K	0.0072992700729927005	0.11413156746454899	0.07782856771144549	0.0363029997531035	0.19196013517599447
Q61L	0.043795620437956206	0.031924360593093636	0.013622416182626077	0.018301944410467556	0.045546776775719715
Q61R	0.05474452554744526	0.04974286918666623	0.01546727964722123	0.034275589539445005	0.06521014883388747
