kras_allele	avg_probability	sd_probability	real_allele_freq	ymin	ymax
A146T	0.09897184313835297	0.014457664302091874	0.022222222222222223	0.0845141788362611	0.11342950744044485
A146V	0.10728232409296905	0.02563553303863675	0.029629629629629627	0.0816467910543323	0.1329178571316058
G12A	0.03168603573047079	0.008377475510370233	0.06296296296296296	0.023308560220100555	0.040063511240841024
G12C	0.054581104735867914	0.01947698714221912	0.029629629629629627	0.035104117593648794	0.07405809187808704
G12D	0.0666990479693378	0.012650450915846902	0.11851851851851851	0.054048597053490896	0.07934949888518471
G12R	0.032240058414646534	0.010858056311318849	0.05185185185185185	0.021382002103327684	0.043098114725965385
G12S	0.12813864857519974	0.04252301049495165	0.03333333333333333	0.0856156380802481	0.1706616590701514
G12V	0.049994377399349296	0.012556478557995606	0.08148148148148147	0.03743789884135369	0.0625508559573449
G13D	0.0967340345274956	0.029142320535608435	0.1259259259259259	0.06759171399188717	0.12587635506310405
K117N	0.09896870611739703	0.029284904680752174	0.025925925925925925	0.06968380143664485	0.1282536107981492
Q61H	0.13377553511905138	0.052850847101267764	0.31851851851851853	0.08092468801778362	0.18662638222031913
Q61L	0.03962110939704772	0.01448959958393098	0.044444444444444446	0.025131509813116744	0.0541107089809787
Q61R	0.06130717478281415	0.01387062512671339	0.05555555555555556	0.047436549656100765	0.07517779990952754
