kras_allele	avg_probability	sd_probability	real_allele_freq	ymin	ymax
A146T	0.08442693154520507	0.01233296456477994	0.021897810218978103	0.07209396698042514	0.096759896109985
A146V	0.09151610341888933	0.021868132635989274	0.029197080291970802	0.06964797078290005	0.1133842360548786
G12A	0.027029452869901334	0.0071463209030768965	0.06204379562043796	0.01988313196682444	0.03417577377297823
G12C	0.046559860330731576	0.01661464723723784	0.029197080291970802	0.029945213093493735	0.06317450756796941
G12D	0.05689694946032045	0.010791339431712607	0.11678832116788321	0.046105610028607844	0.06768828889203306
G12R	0.027502056327088752	0.009262355310774843	0.051094890510948905	0.01823970101631391	0.03676441163786359
G12S	0.10930738044789647	0.03627382477999049	0.032846715328467155	0.07303355566790598	0.14558120522788695
G12V	0.04264719888503687	0.010711177260615498	0.08029197080291971	0.03193602162442137	0.053358376145652364
G13C	0.046559860330731576	0.01661464723723784	0.0072992700729927005	0.029945213093493735	0.06317450756796941
G13D	0.08251799150317697	0.024859562304895576	0.12408759124087591	0.057658429198281395	0.10737755380807254
K117N	0.08442425554115074	0.024981192270345995	0.025547445255474453	0.059443063270804744	0.10940544781149673
Q61H	0.11411586960274206	0.04508388152464075	0.31386861313868614	0.06903198807810132	0.1591997511273828
Q61K	0.10040023591417246	0.06806243508972644	0.0072992700729927005	0.032337800824446025	0.1684626710038989
Q61L	0.033798387346727715	0.012360206634526362	0.043795620437956206	0.021438180712201355	0.046158593981254076
Q61R	0.052297466476228634	0.011832196723114606	0.05474452554744526	0.04046526975311403	0.06412966319934324
