kras_allele	real_allele_freq	avg_probability	sd_probability	ymin	ymax
G12D	0.4287222808870116	0.30511353932063373	0.08960370798028842	0.2155098313403453	0.39471724730092217
G12R	0.1747624076029567	0.08044563346129377	0.05205610235294215	0.028389531108351622	0.1325017358142359
G12V	0.3463569165786695	0.2633465759332501	0.09824133649817107	0.16510523943507904	0.3615879124314212
Q61H	0.0501583949313622	0.3510942512848224	0.3280378088447771	0.02305644244004529	0.6791320601295996
