kras_allele	avg_probability	sd_probability	real_allele_freq	ymin	ymax
A146T	0.0833027378998565	0.021684329559797256	5.053057099545225e-4	0.061618408340059244	0.10498706745965375
A146V	0.10653594362437203	0.034211428409863145	0	0.07232451521450889	0.14074737203423518
G12A	0.019733283524601082	0.007011999542523393	0.00404244567963618	0.01272128398207769	0.026745283067124474
G12C	0.061272818258604596	0.03947057169337498	0.013643254168772108	0.021802246565229617	0.10074338995197957
G12D	0.06468868405515743	0.016710345013199474	0.41030823648307224	0.04797833904195796	0.0813990290683569
G12R	0.01756228495114106	0.010723006938146156	0.16725618999494693	0.006839278012994903	0.028285291889287217
G12S	0.10442683077375296	0.030783413717445154	0.001010611419909045	0.07364341705630781	0.13521024449119812
G12V	0.05889242552730515	0.020176873770473332	0.3314805457301668	0.03871555175683182	0.07906929929777848
G13C	0.061272818258604596	0.03947057169337498	0.001010611419909045	0.021802246565229617	0.10074338995197957
G13D	0.10864829094930717	0.03996709731930175	0.00404244567963618	0.06868119363000541	0.14861538826860893
K117N	0.07315942009973303	0.01560843902471544	0	0.05755098107501759	0.08876785912444847
Q61H	0.09058886475660255	0.09288659284821099	0.048004042445679636	-0.002297728091608442	0.18347545760481354
Q61K	0.0910539206240726	0.035770978524967134	0.0025265285497726125	0.05528294209910546	0.12682489914903972
Q61L	0.01643767811223597	0.009815098442642242	0.0035371399696816574	0.006622579669593729	0.02625277655487821
Q61R	0.04242399858465329	0.011504967950192596	0.012632642748863061	0.030919030634460692	0.053928966534845885
