kras_allele	real_allele_freq	avg_probability	sd_probability	ymin	ymax
A146T	5.053057099545225e-4	0.08497026076722791	0.024527775703415515	0.0604424850638124	0.10949803647064343
A146V	0	0.11101368126822735	0.036853349888388	0.07416033137983935	0.14786703115661534
G12A	0.00404244567963618	0.019252072765868933	0.007459899390206925	0.011792173375662008	0.026711972156075858
G12C	0.013643254168772108	0.05702660859316501	0.03583758439185109	0.021189024201313918	0.09286419298501611
G12D	0.41030823648307224	0.06593137584760737	0.019362286450289087	0.04656908939731828	0.08529366229789646
G12R	0.16725618999494693	0.01738333640272101	0.011248699277768316	0.006134637124952692	0.028632035680489325
G12S	0.001010611419909045	0.11265985600694395	0.03841321745200986	0.07424663855493409	0.15107307345895382
G12V	0.3314805457301668	0.0569060360765885	0.02122877436004413	0.03567726171654437	0.07813481043663263
G13C	0.001010611419909045	0.05702660859316501	0.03583758439185109	0.021189024201313918	0.09286419298501611
G13D	0.00404244567963618	0.11087010293194186	0.042054903006573455	0.0688151999253684	0.15292500593851532
K117N	0	0.0699797439585871	0.019638470381259005	0.050341273577328094	0.0896182143398461
Q61H	0.048004042445679636	0.07586725613991299	0.07088503550293929	0.004982220636973705	0.14675229164285228
Q61K	0.0025265285497726125	0.10379783854737021	0.05026040985606443	0.05353742869130578	0.15405824840343463
Q61L	0.0035371399696816574	0.015415064031638124	0.00963980698120481	0.005775257050433314	0.025054871012842934
Q61R	0.012632642748863061	0.04190015806903468	0.01341565706794075	0.028484501001093933	0.05531581513697543
