kras_allele	avg_probability	sd_probability	real_allele_freq	ymin	ymax
G12D	0.2791526922203162	0.07211056874162929	0.4287222808870116	0.2070421234786869	0.3512632609619455
G12R	0.07578696641086649	0.04627325936833581	0.1747624076029567	0.02951370704253068	0.12206022577920231
G12V	0.2541399531843003	0.0870697667742718	0.3463569165786695	0.16707018641002852	0.34120971995857213
Q61H	0.390920388184517	0.4008358315442217	0.0501583949313622	-0.009915443359704679	0.7917562197287387
