cancer	freq_kras_mut
COAD	0.41399276236429433
LUAD	0.35260344486240347
MM	0.21949286846275753
PAAD	0.8630077787381158
