codon	avg_codon_freq	adj_codon_freq
12	0.7220490390356646	0.7677225068801427
13	0.09763066564840923	0.11397487826366813
61	0.1483234908868813	0.0814787021328294
146	0.031996804429044796	0.03682391272335974
