codon	avg_codon_freq	adj_codon_freq
12	0.7220490390356646	0.7887383854055144
13	0.09763066564840923	0.1052006210685227
61	0.1483234908868813	0.07521110632161912
146	0.031996804429044796	0.03084988720434375
