cancer	codon	num_codon_samples	num_cancer_samples	codon_frequency
ALL	WT	6940	12711	0.5459837935646291
ALL	12	4692	12711	0.36912910077885297
ALL	13	483	12711	0.03799858390370545
ALL	61	422	12711	0.03319959090551491
ALL	146	145	12711	0.011407442372748013
ALL	117	29	12711	0.0022814884745496027
