cancer	kras_allele	num_allele_samples	num_cancer_samples	allele_frequency
ALL	WT	7001	12772	0.5481522079549014
ALL	G12D	1606	12772	0.1257438145944253
ALL	G12V	1421	12772	0.1112590040714062
ALL	G12C	875	12772	0.0685092389602255
ALL	G12R	382	12772	0.029909176323207016
ALL	G13D	382	12772	0.029909176323207016
ALL	Q61H	274	12772	0.021453178828687754
ALL	G12A	255	12772	0.019965549639837144
ALL	G12S	118	12772	0.009238960225493267
ALL	A146T	113	12772	0.008847478860006263
ALL	G13C	85	12772	0.006655183213279048
ALL	Q61L	60	12772	0.004697776385844034
ALL	Q61R	59	12772	0.004619480112746634
ALL	A146V	31	12772	0.0024271844660194173
ALL	K117N	26	12772	0.0020357031005324147
ALL	G12F	25	12772	0.0019574068274350142
ALL	Q61K	21	12772	0.0016442217350454119
ALL	G12I	4	12772	3.1318509238960227e-4
ALL	G13R	4	12772	3.1318509238960227e-4
ALL	Q61E	4	12772	3.1318509238960227e-4
ALL	G12L	3	12772	2.348888192922017e-4
ALL	G13V	3	12772	2.348888192922017e-4
ALL	K117R	3	12772	2.348888192922017e-4
ALL	G13dup	2	12772	1.5659254619480113e-4
ALL	G13E	2	12772	1.5659254619480113e-4
ALL	G13P	2	12772	1.5659254619480113e-4
ALL	Q61A	2	12772	1.5659254619480113e-4
ALL	A146P	1	12772	7.829627309740057e-5
ALL	G12N	1	12772	7.829627309740057e-5
ALL	G13A	1	12772	7.829627309740057e-5
ALL	G13H	1	12772	7.829627309740057e-5
ALL	GG12AC	1	12772	7.829627309740057e-5
ALL	GG12DC	1	12772	7.829627309740057e-5
ALL	GV13CG	1	12772	7.829627309740057e-5
ALL	Q61_S65dup	1	12772	7.829627309740057e-5
ALL	Q61P	1	12772	7.829627309740057e-5
