cancer	codon	num_codon_samples	num_cancer_samples	codon_frequency
ALL	12	4692	5771	0.8130306705943511
ALL	13	483	5771	0.08369433373765378
ALL	61	422	5771	0.07312424189915093
ALL	146	145	5771	0.02512562814070352
ALL	117	29	5771	0.005025125628140704
