cancer	kras_allele	num_allele_samples	num_cancer_samples	allele_frequency
ALL	G12D	1606	5771	0.2782879916825507
ALL	G12V	1421	5771	0.24623115577889448
ALL	G12C	875	5771	0.1516201698145902
ALL	G12R	382	5771	0.06619303413619823
ALL	G13D	382	5771	0.06619303413619823
ALL	Q61H	274	5771	0.04747877317622596
ALL	G12A	255	5771	0.04418644948882343
ALL	G12S	118	5771	0.02044706290071045
ALL	A146T	113	5771	0.019580661930341362
ALL	G13C	85	5771	0.014728816496274475
ALL	Q61L	60	5771	0.010396811644429042
ALL	Q61R	59	5771	0.010223531450355225
ALL	A146V	31	5771	0.005371686016288338
ALL	K117N	26	5771	0.004505285045919251
ALL	G12F	25	5771	0.004332004851845434
ALL	Q61K	21	5771	0.0036388840755501644
ALL	G12I	4	5771	6.931207762952695e-4
ALL	G13R	4	5771	6.931207762952695e-4
ALL	Q61E	4	5771	6.931207762952695e-4
ALL	G12L	3	5771	5.198405822214521e-4
ALL	G13V	3	5771	5.198405822214521e-4
ALL	K117R	3	5771	5.198405822214521e-4
ALL	G13dup	2	5771	3.4656038814763474e-4
ALL	G13E	2	5771	3.4656038814763474e-4
ALL	G13P	2	5771	3.4656038814763474e-4
ALL	Q61A	2	5771	3.4656038814763474e-4
ALL	A146P	1	5771	1.7328019407381737e-4
ALL	G12N	1	5771	1.7328019407381737e-4
ALL	G13A	1	5771	1.7328019407381737e-4
ALL	G13H	1	5771	1.7328019407381737e-4
ALL	GG12AC	1	5771	1.7328019407381737e-4
ALL	GG12DC	1	5771	1.7328019407381737e-4
ALL	GV13CG	1	5771	1.7328019407381737e-4
ALL	Q61_S65dup	1	5771	1.7328019407381737e-4
ALL	Q61P	1	5771	1.7328019407381737e-4
