cancer	codon	num_codon_samples	num_cancer_samples	codon_frequency
COAD	12	1179	1716	0.6870629370629371
COAD	13	313	1716	0.18240093240093241
COAD	146	124	1716	0.07226107226107226
COAD	61	80	1716	0.046620046620046623
COAD	117	20	1716	0.011655011655011656
LUAD	12	1567	1781	0.879842784952274
LUAD	13	116	1781	0.06513194834362718
LUAD	61	91	1781	0.051094890510948905
LUAD	146	6	1781	0.003368893879842785
LUAD	117	1	1781	5.614823133071309e-4
MM	61	117	277	0.4223826714801444
MM	12	102	277	0.36823104693140796
MM	13	36	277	0.1299638989169675
MM	146	14	277	0.05054151624548736
MM	117	8	277	0.02888086642599278
PAAD	12	1844	1997	0.9233850776164246
PAAD	61	134	1997	0.0671006509764647
PAAD	13	18	1997	0.009013520280420632
PAAD	146	1	1997	5.00751126690035e-4
