cancer	codon	num_codon_samples	num_cancer_samples	codon_frequency
ALL	WT	7001	12772	0.5481522079549014
ALL	12	4692	12772	0.36736611337300346
ALL	13	483	12772	0.037817099906044475
ALL	61	422	12772	0.03304102724710304
ALL	146	145	12772	0.011352959599123082
ALL	117	29	12772	0.0022705919198246164
