cancer	codon	num_codon_samples	num_cancer_samples	codon_frequency
ALL	12	4692	5742	0.8171368861024033
ALL	13	483	5742	0.08411703239289446
ALL	61	422	5742	0.07349355625217695
ALL	146	145	5742	0.025252525252525252
