datasource	term	overlap	p_value	adjusted_p_value	odds_ratio	combined_score	genes	n_genes
GO_Biological_Process_2018	sarcomere organization (GO:0045214)	2/32	2.479926993546474e-6	0.012655067448067657	625	8067.0508976917445	OBSCN;TTN	2
GO_Biological_Process_2018	myofibril assembly (GO:0030239)	2/48	5.639889193884145e-6	0.014390177278195396	416.66666666666663	5035.685891300726	OBSCN;TTN	2
GO_Biological_Process_2018	actomyosin structure organization (GO:0031032)	2/72	1.2779865329697893e-5	0.021738550925816117	277.77777777777777	3129.899901847981	OBSCN;TTN	2
PPI_Hub_Proteins	CALM1	2/359	3.213111543513783e-4	0.12370479442528065	55.710306406685234	448.08359755610155	OBSCN;TTN	2
