datasource	term	overlap	p_value	adjusted_p_value	odds_ratio	combined_score	genes	n_genes
WikiPathways_2019_Human	Apoptosis WP254	2/84	4.8010630537338055e-4	0.07553672537874521	59.52380952380952	454.85136958662	MAP2K4;CDKN2A	2
WikiPathways_2019_Human	Photodynamic therapy-induced AP-1 survival signaling. WP3611	2/50	1.6986300982591541e-4	0.08017534063783208	100	868.0518270318582	MAP2K4;CDKN2A	2
WikiPathways_2019_Human	Signaling Pathways in Glioblastoma WP2261	2/82	4.575648751437902e-4	0.1079853105339345	60.97560975609756	468.8775536407862	MAP2K4;CDKN2A	2
