datasource	term	overlap	p_value	adjusted_p_value	odds_ratio	combined_score	genes	n_genes
Panther_2016	p53 pathway feedback loops 2_Homo sapiens_P04398	2/45	1.0320828106086916e-4	0.011559327478817346	126.98412698412699	1165.5570114664401	NRAS;PIK3C2G	2
WikiPathways_2019_Human	Hippo-Merlin Signaling Dysregulation WP4541	2/120	7.351013872530761e-4	0.11565595159448398	47.61904761904762	343.5953393535056	NRAS;CDH8	2
WikiPathways_2019_Human	Regulation of Actin Cytoskeleton WP51	2/150	0.0011447777472071098	0.13508377417043896	38.095238095238095	258.00170544990027	NRAS;PIK3C2G	2
LINCS_L1000_Kinase_Perturbations_up	OXER1_knockdown_96h_MCF7	3/300	1.1183970780302943e-4	0.13584796507807975	28.571428571428573	259.9555397747441	HIST1H2BK;DNAH9;CDH8	3
WikiPathways_2019_Human	DNA Damage Response (only ATM dependent) WP710	2/110	6.182484160016636e-4	0.1459066261763926	51.94805194805195	383.8244266822701	NRAS;PIK3C2G	2
WikiPathways_2019_Human	Signaling Pathways in Glioblastoma WP2261	2/82	3.440892410951179e-4	0.16241012179689565	69.68641114982579	555.7219172436764	NRAS;PIK3C2G	2
