datasource	term	overlap	p_value	adjusted_p_value	odds_ratio	combined_score	genes	n_genes
Transcription_Factor_PPIs	SMC3	3/137	3.291166829116823e-4	0.09445648799565282	21.8978102189781	175.60069074678003	NUMA1;APC;PRKDC	3
WikiPathways_2019_Human	Inflammatory Response Pathway WP453	2/30	4.0637445946356223e-4	0.19180874486680138	66.66666666666667	520.5490339655365	LAMA5;FN1	2
