datasource	term	overlap	p_value	adjusted_p_value	odds_ratio	combined_score	genes	n_genes
Panther_2016	Nicotinic acetylcholine receptor signaling pathway_Homo sapiens_P00044	3/68	2.0393699200298096e-5	0.002284094310433387	55.14705882352941	595.6039283576749	MYH2;MYH14;CACNA1S	3
Panther_2016	Inflammation mediated by chemokine and cytokine signaling pathway_Homo sapiens_P00031	3/188	4.182670779051345e-4	0.02342295636268753	19.946808510638295	155.17401038137294	NRAS;MYH2;MYH14	3
Panther_2016	Cytoskeletal regulation by Rho GTPase_Homo sapiens_P00016	2/70	0.0014037974466504124	0.052408438008282064	35.71428571428571	234.59193759120603	MYH2;MYH14	2
LINCS_L1000_Kinase_Perturbations_down	LCK_knockdown_96h_HCC515	4/300	7.832514757773463e-5	0.1427084188866325	16.666666666666668	157.5773639492712	UBE3C;DIS3;ZMYND8;SDK2	4
