datasource	term	overlap	p_value	adjusted_p_value	odds_ratio	combined_score	genes	n_genes
GO_Biological_Process_2018	cardiovascular system development (GO:0072358)	2/10	2.2498611195874508e-7	0.0011481041293254762	2000	30614.454322549667	PIK3CA;FBXW7	2
GO_Biological_Process_2018	vasculature development (GO:0001944)	2/15	5.249739082630945e-7	0.0013394709269332857	1333.3333333333333	19279.889698848383	PIK3CA;FBXW7	2
WikiPathways_2019_Human	Pathways Affected in Adenoid Cystic Carcinoma WP3651	2/65	1.0399867169564891e-5	0.004908737304034629	307.6923076923077	3530.37462278638	PIK3CA;FBXW7	2
PPI_Hub_Proteins	SGK1	2/135	4.522510315289512e-5	0.01741166471386462	148.14814814814815	1482.053073452351	PIK3CA;FBXW7	2
Transcription_Factor_PPIs	NOTCH1	2/204	1.0353102032988045e-4	0.02971340283467569	98.0392156862745	899.5724781207588	PIK3CA;FBXW7	2
