datasource	term	overlap	p_value	adjusted_p_value	odds_ratio	combined_score	genes	n_genes
PPI_Hub_Proteins	PPP1CA	2/184	8.418067549685521e-5	0.032409560066289256	108.69565217391303	1019.8418663282642	ATM;RYR3	2
