datasource	term	overlap	p_value	adjusted_p_value	odds_ratio	combined_score	genes	n_genes
KEA_2015	PRKG1	4/106	1.2121003193328761e-4	0.0518778936674471	15.723270440251573	141.79222823942854	RYR2;PLCB3;TRPC3;KIAA1244	4
PPI_Hub_Proteins	PRKG1	4/121	2.0189941116588735e-4	0.07773127329886663	13.774104683195594	117.18651445060455	RYR2;PLCB3;TRPC3;KIAA1244	4
BioCarta_2016	Chromatin Remodeling by hSWI/SNF ATP-dependent Complexes_Homo sapiens_h_hSWI-SNFpathway	2/16	6.624440420557845e-4	0.15699923796722093	52.083333333333336	381.2278369006619	NF1;SMARCA4	2
