datasource	term	overlap	p_value	adjusted_p_value	odds_ratio	combined_score	genes	n_genes
LINCS_L1000_Kinase_Perturbations_up	CHRM3_knockdown_96h_HA1E	2/300	2.242536628728646e-4	0.13619672458478643	66.66666666666667	560.1821815518362	MYH13;EPHA3	2
LINCS_L1000_Kinase_Perturbations_up	MAS1L_knockdown_96h_PC3	2/300	2.242536628728646e-4	0.16343606950174372	66.66666666666667	560.1821815518362	MYH13;EPHA3	2
