datasource	term	overlap	p_value	adjusted_p_value	odds_ratio	combined_score	genes	n_genes
PPI_Hub_Proteins	UBC	5/540	6.658679941947435e-5	0.025635917776497624	10.893246187363834	104.76039441152851	MAP3K1;APC;DAPK1;RGS20;CBL	5
WikiPathways_2019_Human	Regulation of Wnt/B-catenin Signaling by Small Molecule Compounds WP3664	2/17	9.178965649455299e-5	0.04332471786542901	138.4083044982699	1286.6451129463442	LRP1;APC	2
KEA_2015	PRKACG	3/176	4.160011252272865e-4	0.08902424079863931	20.053475935828878	156.11275253008125	LRP1;APC;SOX9	3
PPI_Hub_Proteins	YWHAZ	4/500	7.089723556156057e-4	0.09098478563733607	9.411764705882353	68.251237862225	MAP3K1;APC;CBL;SF3B1	4
KEA_2015	PRKACA	4/393	2.8527928057298904e-4	0.12209953208523931	11.974255350995362	97.7343742036263	LRP1;APC;SOX9;SYNE1	4
PPI_Hub_Proteins	CDC42	3/205	6.490166739074251e-4	0.12493570972717932	17.216642754662843	126.37105566541055	MAP3K1;CBL;SYNE1	3
PPI_Hub_Proteins	TRAF2	3/279	0.0015798341936758746	0.15205904114130292	12.650221378874132	81.59943552386333	MAP3K1;PKN1;SOX9	3
LINCS_L1000_Kinase_Perturbations_down	PTK2B_knockdown_96h_A375	4/300	1.0121923535514024e-4	0.18442144681706552	15.686274509803923	144.2858313175401	APC;GNAS;SF3B1;SYNE1	4
