datasource	term	overlap	p_value	adjusted_p_value	odds_ratio	combined_score	genes	n_genes
Panther_2016	p53 pathway feedback loops 2_Homo sapiens_P04398	2/45	1.7642278783867052e-4	0.0197593522379311	98.76543209876544	853.5928138247956	NRAS;PIK3C2G	2
WikiPathways_2019_Human	Hippo-Merlin Signaling Dysregulation WP4541	2/120	0.0012503080539860466	0.196715133827138	37.03703703703704	247.56908573486018	NRAS;CDH8	2
