datasource	term	overlap	p_value	adjusted_p_value	odds_ratio	combined_score	genes	n_genes
Panther_2016	Nicotinic acetylcholine receptor signaling pathway_Homo sapiens_P00044	2/68	5.036159037475685e-4	0.05640498121972767	58.8235294117647	446.6880397749669	MYH14;CACNA1S	2
KEGG_2019_Human	Serotonergic synapse	2/113	0.0013822943268056002	0.14191555088537497	35.39823008849557	233.06232228929326	NRAS;CACNA1S	2
LINCS_L1000_Kinase_Perturbations_down	LCK_knockdown_96h_HCC515	3/300	3.7082698187105087e-4	0.1930419317054442	20	157.99549920554813	UBE3C;ZMYND8;SDK2	3
KEGG_2019_Human	Oxytocin signaling pathway	2/153	0.00251307071970591	0.19350644541735507	26.143790849673202	156.50326481752484	NRAS;CACNA1S	2
